default,student,balance,income
0,Yes,184.9252469,11126.26618
0,No,746.8365105,41294.45225
0,No,488.7211263,46503.16615
0,No,1171.163313,27338.00271
0,No,797.8653933,43717.06841
0,No,1322.093977,51845.1804
0,No,831.58733,32203.27184
0,No,1092.530775,43482.7882
0,No,1798.778917,57191.63224
1,No,1166.798527,30367.61086
0,Yes,618.7567523,18297.32777
1,No,1631.615617,38906.95641
0,Yes,412.3886362,9892.127549
0,Yes,697.1713264,22254.06196
0,No,890.149841,38350.29242
0,No,51.07230207,38764.39468
0,No,572.0040551,42484.57059
1,No,1865.635779,49604.88213
0,Yes,776.54428,14229.72812
0,Yes,906.0337005,22658.76333
0,No,289.531497,36841.99817
0,No,1063.592329,38057.33357
0,No,395.4755073,45084.10562
1,No,1278.4073,36675.60688
0,No,1060.728841,49396.77194
0,No,29.6164765,26710.00957
1,Yes,1572.856481,14930.17833
0,No,1387.288646,29712.77243
0,Yes,246.081819,20046.77246
0,No,80.71492577,37651.56783
0,Yes,2149.336812,15093.82753
1,Yes,2291.617688,20837.20945
0,Yes,625.6011998,16134.21151
0,No,264.0160964,45987.47391
0,No,927.6159508,40618.11065
0,Yes,1867.552268,16650.04176
0,No,426.7641498,38495.79802
0,No,1902.1499,35008.66617
0,No,996.1819846,57972.50444
0,No,898.895728,41268.31261
0,No,316.0175119,39959.93
0,No,1295.613346,39717.73601
1,Yes,1473.034561,18108.96167
1,No,1234.102021,43764.86864
0,No,1038.700266,33783.71422
0,No,1635.202902,31541.09404
0,No,0,39469.92899
1,Yes,1726.47961,13654.60494
0,Yes,180.620128,20975.5605
0,Yes,1215.470014,20456.43829
0,No,844.4654791,44518.39527
0,No,522.7744089,37481.68219
1,No,1700.599913,30488.98341
0,Yes,237.1635864,25219.98306
1,Yes,1878.001146,17473.18399
0,Yes,966.4818283,23116.58021
1,No,2033.19179,44998.28744
0,No,663.6637928,51135.08626
0,No,1402.242717,32742.27061
0,No,581.0035694,52917.72944
1,No,1562.454585,43067.33374
0,No,733.0760867,40056.10037
0,Yes,389.2132418,22907.76746
0,No,727.974547,20456.15639
0,No,908.9987947,46174.47106
0,No,0,42616.60157
1,Yes,1530.551479,13003.9292
0,Yes,1180.018086,19871.20674
0,Yes,641.8936456,16400.36475
0,Yes,1463.378451,14380.62531
1,Yes,1707.914634,10591.71742
0,No,575.6740578,36958.75241
0,No,1132.174903,56152.42904
1,No,1750.25315,51578.94016
0,Yes,482.1352042,17459.00419
0,Yes,0,16156.02912
0,No,825.9559447,31661.62599
0,No,1018.56813,34103.87952
0,No,796.0250533,38443.89641
0,No,1433.992327,19864.97538
0,Yes,553.4557368,21358.42066
1,Yes,2004.394001,18860.84665
0,No,457.6015016,49908.59744
0,No,1558.861075,45255.96711
0,No,1139.020309,24573.92095
0,No,1579.909363,45406.51155
1,No,1903.667219,41173.50399
1,No,1899.546842,46076.23711
1,No,1165.539853,50341.5739
0,No,149.2232188,36550.33346
0,No,0,50559.47075
1,No,1825.970599,39407.91703
0,No,0,48112.47827
0,Yes,785.8549597,19188.91423
0,No,1069.719857,34538.99742
0,No,870.9717257,39653.37672
0,No,564.3948535,30380.64
0,Yes,655.5101263,15771.49243
0,No,1124.966527,50701.72754
0,No,0,62160.28622
0,No,445.8292876,42343.80068
0,No,218.5898068,34512.63347
0,Yes,842.2559874,23310.22886
0,No,1322.969042,51956.29183
1,No,1496.07211,40214.62083
0,No,1186.885199,27494.32937
0,Yes,102.2830716,20671.04721
0,No,1082.169496,54099.91952
0,No,1111.958143,47254.68959
0,Yes,1205.945041,12950.81643
0,No,481.7778056,34478.9529
0,No,221.5467559,43668.39232
1,No,1505.831475,29525.7494
0,No,0,31722.32967
1,Yes,1681.481506,10155.32399
0,No,907.633104,28577.09655
0,Yes,1189.46474,17287.63921
0,Yes,514.3349873,27443.97525
0,No,456.3730188,47633.78544
1,No,1711.169093,18579.10247
0,Yes,948.8804092,8503.602563
0,No,453.6482324,32178.62217
1,No,1374.474712,35805.70886
0,Yes,1070.75212,11383.44265
0,Yes,810.1022252,15102.32418
0,No,252.1069537,38494.65469
1,Yes,1721.973027,15179.74933
0,Yes,1032.625789,21122.95701
0,No,763.5347298,49201.4347
0,Yes,1634.269726,18036.63059
1,No,1661.752645,21871.46297
0,Yes,1700.572366,20844.71916
0,No,0,41359.89161
0,No,265.5928459,24833.34159
0,No,868.7298917,40902.42961
1,No,2202.462395,47287.25711
1,No,1801.801183,24152.26483
0,Yes,596.539256,9518.832332
0,No,445.7173734,25171.86035
1,No,1408.438085,48012.91357
0,No,297.2430337,39081.9229
1,No,2005.575128,36636.00859
0,No,75.39869065,50551.03646
1,No,961.732662,27600.4163
0,Yes,317.2679998,17801.53722
0,No,1363.310379,35387.69892
1,No,1550.449264,56273.51361
0,No,541.9440018,37640.30026
0,No,1678.118466,41813.89234
0,No,454.4881463,39608.32287
0,No,860.7512943,36605.23178
0,Yes,811.6886759,20016.75253
0,Yes,1740.87005,17478.03129
0,Yes,46.01022532,13950.08695
0,Yes,100.355433,13940.60266
1,Yes,2086.536165,17893.72137
0,No,476.3012118,25774.48762
0,No,729.2259909,35633.50292
0,No,850.3855684,45530.37706
0,No,0,22074.49369
0,No,1375.384954,47099.20687
0,No,503.3018571,37749.52078
0,No,337.1756682,35040.94162
0,No,948.705393,14095.80961
0,Yes,533.9165429,21390.68662
0,No,307.7305626,48123.55105
1,No,1914.106962,55573.70171
0,No,851.5646599,33211.1755
0,No,1486.201068,51021.61436
1,No,1412.192448,37283.0081
1,No,1610.484015,35589.73383
0,No,218.4175592,25401.13312
0,No,763.0399763,35277.90178
0,No,797.3166569,35034.80691
0,Yes,1095.612002,10450.74488
0,No,604.8395243,27419.42522
0,No,528.6768448,39925.18474
0,No,781.2749578,53178.9268
0,No,0,47231.27308
0,No,278.7031614,30113.85339
1,No,652.3971344,46155.04387
0,Yes,889.6422514,16701.36935
0,No,1400.163187,52343.47718
0,No,507.9075264,45727.76853
0,Yes,1298.511809,20491.77034
0,No,0,34836.3407
1,No,1465.210164,58699.9832
0,No,0,43930.90369
0,No,1763.84564,36686.34837
0,No,288.8079496,30470.70701
0,No,1176.791505,30579.24922
0,No,626.1681253,35196.07823
0,No,982.2264655,38152.69661
0,No,418.2996428,49670.02198
1,Yes,1807.705844,21849.48163
1,Yes,1570.65878,16239.15317
1,Yes,1504.290178,13965.18604
0,Yes,801.7215785,18698.40928
0,No,1074.01591,50491.26051
1,Yes,1402.205727,15964.20918
1,No,1721.434918,41999.70334
0,Yes,1407.040124,25589.74276
0,No,1626.169419,32827.70286
0,No,452.3679123,29254.87102
1,No,1981.451815,28127.89547
0,Yes,1426.014177,20779.67893
0,No,1274.79655,18044.82312
1,No,1819.249095,49621.05617
0,No,572.6658576,42285.2853
0,Yes,1847.469647,19388.68931
0,No,0,36337.35217
0,No,157.6604751,42125.73361
0,No,1063.724503,26045.92836
0,No,969.3588374,46026.71937
0,No,1004.125407,53397.392
0,No,926.166134,41501.72338
0,No,1418.556174,33960.56774
1,Yes,2502.684931,14947.51975
0,No,1024.819477,40380.29796
1,Yes,1500.894533,15802.23288
0,No,250.9888204,33568.53155
0,No,1659.292191,36641.72723
0,No,256.4389848,40227.38208
0,No,1293.297606,65128.40453
0,Yes,0,18875.77167
0,No,0,44464.29729
1,Yes,1774.694223,20359.50609
1,Yes,2182.348954,22037.85969
0,No,596.1826889,55591.05892
0,Yes,339.6950982,27387.26248
0,No,496.3754784,33782.5372
0,No,18.29458177,43247.90342
0,Yes,0,18251.72562
0,No,1359.802139,46235.23536
0,No,935.6365984,21730.86127
0,Yes,1134.696572,20068.01855
0,No,629.2718914,35695.08861
0,No,1410.959915,58310.25593
0,No,0,54659.16319
0,No,0,56943.90944
0,No,983.6190158,24666.68283
0,Yes,985.2408897,17263.75651
0,No,1339.199963,44257.9353
0,No,589.3910369,38255.53703
0,No,970.9255522,46051.86837
1,No,1547.995445,37524.25353
0,No,1188.965168,42286.48817
1,No,1733.824679,26330.51173
0,Yes,740.5778507,17700.07207
1,Yes,2415.316994,17429.50337
0,No,1000.525438,53680.98374
0,No,913.8865735,15220.50377
0,No,658.7995582,54802.07822
0,Yes,826.7412128,18856.90003
0,No,656.4349437,26551.6009
0,Yes,574.6731443,22814.34644
0,Yes,732.4299418,26433.10544
1,No,1026.358855,56182.12993
0,No,1915.332066,21361.04813
0,Yes,256.3256705,15627.66279
0,No,823.6097758,34856.52607
0,Yes,1627.45984,19630.1613
0,No,1700.294976,53844.57899
0,No,872.3208931,44407.79016
0,No,286.3010545,30026.07076
0,No,0,41671.20946
1,Yes,1665.70832,21024.27165
1,No,1940.37162,41162.93366
1,No,1698.826142,27374.88752
0,Yes,0,18235.67437
0,No,1557.559016,36742.18853
0,No,1356.159222,42262.93007
0,Yes,705.8830645,11121.69931
0,Yes,1244.923511,24291.40798
0,Yes,1658.373575,22010.48568
0,No,1133.414939,36456.94903
0,No,769.2306365,49590.06658
0,Yes,1228.993901,18810.38436
0,No,789.5511785,30777.839
0,No,537.140426,52513.66722
0,No,926.5478994,25363.01464
0,Yes,926.0781636,17660.80724
0,No,846.3932928,38352.56514
0,Yes,1173.09812,23811.0003
1,No,1672.506063,66466.46089
0,No,86.57888823,31893.22336
0,No,1505.094083,43036.12115
0,No,0,31363.6495
0,No,442.6659006,43991.81237
0,Yes,1212.737041,18090.47792
1,Yes,2216.017669,20911.69564
0,Yes,305.7879569,16594.52784
0,No,826.0227222,53874.37194
0,Yes,715.341171,21309.14054
1,Yes,2334.123559,19335.88929
1,No,1379.430717,38881.96935
0,Yes,1600.625534,24223.25141
0,Yes,728.9858382,17360.523
1,Yes,2035.861557,14435.84319
1,No,1302.734742,43680.06524
1,No,2024.105018,51508.86888
0,No,1456.642937,24089.09534
0,No,637.2169994,48461.90944
0,No,1018.36679,47723.32678
0,Yes,816.965766,13932.20994
0,Yes,1882.84179,15968.03654
0,No,1190.061303,41965.87995
0,No,1314.895386,33706.55936
0,No,1112.455001,40576.19022
0,No,486.6526399,30838.6297
0,No,690.6010978,43511.33727
0,No,751.3543919,27179.76165
0,Yes,256.3677844,18200.88045
1,Yes,1893.023004,16853.32957
0,No,1085.520235,36746.32035
0,No,1278.429972,25590.65652
0,No,796.2989755,37923.39362
0,No,1500.594004,27354.50025
0,Yes,1220.938831,6744.042425
0,No,1353.918741,39879.15905
0,No,322.9823275,25267.39762
1,No,1823.404105,14664.13812
0,No,837.328407,61950.803
0,No,1300.337182,47580.54383
0,No,988.1720461,49057.04192
0,No,461.7521043,37617.04367
0,No,761.1876588,54681.82839
0,No,783.0870843,36917.10317
1,Yes,1102.434982,17391.77965
0,No,1476.762643,54844.51934
0,No,0,40737.86681
0,Yes,831.3044957,17572.31793
0,No,911.9315442,40503.00398
0,Yes,1225.345971,5524.37479
0,No,1175.289139,35830.04557
1,No,2038.891851,58606.48624
0,Yes,1817.171176,24601.03749
1,No,1673.486349,49310.33291
0,No,762.9914907,44162.36289
0,No,354.216391,25427.05443
0,Yes,606.9514434,26718.87155
0,No,596.4297067,12135.54156
1,Yes,1433.167635,18087.68637
1,Yes,2207.599054,19780.76352
0,No,1046.918121,42376.50217
1,No,1532.3263,42152.36171
0,No,1000.764561,36709.08378
0,No,583.3074437,37118.83066
0,No,1602.003893,41827.70125
0,Yes,933.3320248,26051.39832
1,No,1753.084389,48965.34697
0,Yes,1883.065456,23989.89246
0,Yes,983.268503,24554.27156
0,No,1522.530802,30765.5638
0,No,580.3790561,55724.27123
0,No,914.3410823,43460.16638
0,Yes,421.9572648,21744.97424
0,Yes,1276.350839,27732.26882
0,No,659.7830853,42054.91499
1,Yes,1237.621866,14862.70546
0,No,0,43593.9536
0,Yes,1313.976248,20030.42871
0,No,403.0414814,29200.98376
0,No,792.9740677,28674.67063
0,Yes,878.9983936,12054.85904
0,No,322.2886981,19420.39978
0,No,991.3353944,44445.57892
1,Yes,2179.221428,15302.7765
0,Yes,843.0178966,12268.93352
0,No,1916.088508,23316.57025
0,No,424.04819,25081.84301
1,No,2343.797513,51095.29393
0,No,953.936465,41250.47804
0,No,1112.06414,27694.72127
0,No,806.7812411,55735.5492
0,No,650.0070413,41427.87732
1,No,1833.646548,43539.78433
0,No,1440.132927,28370.10432
0,No,1154.578914,61089.43087
0,No,783.7975633,33151.56724
0,Yes,172.4129875,14955.94169
1,Yes,2124.489239,12651.07432
1,Yes,1926.371583,17012.43814
0,No,1074.991267,27834.79004
0,No,102.7214411,13719.35687
0,Yes,1027.07059,24346.93975
0,Yes,1175.799057,18178.08193
1,No,2085.586978,35657.22567
0,No,1398.652467,34194.0824
0,No,683.9218808,37383.23265
0,No,633.7831603,37672.1581
0,Yes,1365.022824,23281.3205
0,No,635.808711,40497.38162
0,No,258.2552591,38309.98805
0,No,0,43599.45329
0,No,1164.36214,38759.73055
0,No,979.8510491,44869.04691
1,No,2128.795992,42096.50237
0,No,1079.965765,43215.8058
0,No,288.1780643,36514.67592
0,No,0,51740.4216
1,No,1549.894673,47916.29486
0,No,1388.563489,21151.26313
1,No,1804.036475,31318.29603
0,Yes,1401.193609,17688.85647
0,Yes,325.2836312,15962.70988
1,Yes,1790.360537,14306.8236
0,Yes,1047.225624,18069.25235
0,No,1030.191299,34250.87454
1,Yes,2083.228376,20103.60274
1,Yes,1724.963232,22170.68734
1,No,2054.452527,37366.76505
0,No,316.5638722,30293.96333
0,No,284.1692103,37463.61751
1,No,2228.472283,27438.34899
1,Yes,2177.150869,17659.74782
0,Yes,1447.418108,16658.42409
1,No,1805.559588,40119.78783
0,Yes,1025.858241,21561.88893
0,No,1253.860477,41767.39706
0,No,1040.105665,16905.45794
1,Yes,2066.695603,10470.636
0,No,641.7604481,44857.70123
0,No,101.9934557,27909.63104
0,Yes,434.8392811,16775.32048
0,No,444.2814001,56881.20657
0,No,216.5282622,28859.69462
0,No,627.3837596,47489.28308
0,No,456.7108145,21892.17721
1,No,1488.469925,36457.22328
0,No,1695.387238,26623.76815
0,No,886.777433,43410.38154
0,Yes,289.3569474,15715.50065
1,No,1856.914717,33445.61687
0,No,930.0813016,21575.42385
0,Yes,1264.649887,23852.64226
1,No,1478.124069,31515.34449
0,No,611.1797439,38712.39426
1,No,1807.684491,42308.95445
0,Yes,401.3326735,15332.01783
0,No,319.6023694,53135.36704
0,Yes,958.874769,25282.24105
0,No,635.7618482,49414.72656
0,No,989.0177917,35129.09174
0,Yes,0,15572.02126
0,No,287.8432009,46617.0634
0,No,450.3274856,52446.41
0,No,1105.467425,32371.40117
0,No,863.046051,50667.87676
0,No,0,43160.3242
0,No,0,45178.59169
0,No,1216.981452,37967.68808
1,No,2037.943354,43016.07218
0,No,448.8819968,38426.25934
1,Yes,2123.369217,23836.46426
1,No,1706.956841,21738.79633
0,No,396.8440851,32656.52284
1,No,1332.386178,53517.35049
1,No,1964.014684,50553.53452
0,Yes,1128.356209,15669.09653
0,No,735.1033377,51403.71597
0,No,325.8701315,35015.26897
0,No,0,41239.02051
0,Yes,383.823401,11777.53769
0,No,525.8713814,8017.638591
0,No,901.6135616,35283.89564
0,No,1229.520302,59755.03012
0,No,821.6071023,50689.19322
1,No,1288.406997,44253.30874
0,No,813.3640705,44707.67703
1,No,1928.280283,35492.12823
0,No,1302.783778,50709.50863
0,No,203.3281235,40490.14499
1,No,1902.612991,53394.07623
0,No,1240.573891,35598.88727
0,No,0,51054.56902
0,No,1037.766523,53823.22982
0,No,1071.241432,58134.55507
0,Yes,357.9512904,14338.52874
0,No,760.5532935,19957.83914
0,No,62.11093385,51206.29252
1,Yes,1902.969565,12464.30304
0,No,838.5789048,43501.25753
1,Yes,1118.701039,21848.4429
0,No,865.4002135,53798.81921
0,No,908.3159335,21287.94249
0,Yes,1723.216056,23278.99578
1,No,1723.187215,43143.16449
1,No,1650.578,31514.25965
0,Yes,912.5594287,14262.1285
0,No,51.1859857,39385.75968
0,Yes,1671.523208,9981.897014
0,No,641.2545874,31306.53484
1,Yes,2182.604344,20780.69245
1,No,1377.68002,41435.2695
0,Yes,1027.132901,16259.38055
0,No,861.5900531,32901.01046
0,No,204.0302467,51108.04496
0,No,61.18334462,37604.2178
0,No,1068.986888,37171.65141
0,No,834.3197877,33687.7504
0,No,477.9072924,34318.9832
0,No,906.416188,49815.65114
0,Yes,475.8532047,19993.75594
0,No,663.6636338,43951.25306
0,No,545.9932912,52619.62177
0,Yes,1128.768728,17718.94174
0,Yes,927.6321006,20640.7741
0,Yes,716.0480967,15149.87577
0,No,1272.076805,21503.19535
0,No,581.3131046,32454.11015
1,Yes,1493.968539,24126.02979
0,Yes,717.7596662,19567.70277
0,No,1138.628859,36978.45938
0,No,853.2122166,31607.3934
0,No,323.0349157,33673.80969
0,No,1756.050716,52497.5856
0,No,675.0227331,44480.01305
0,No,1740.634123,48311.43958
0,Yes,380.9051066,22042.57001
0,No,555.2299512,22788.96808
0,No,505.0151281,43658.81314
0,Yes,627.6681284,18539.56415
1,No,1319.816454,36548.81835
0,No,980.0371689,31977.56333
0,Yes,1670.467307,15838.31457
1,No,1476.509782,42984.41285
1,No,1964.476872,39054.58914
0,Yes,770.4087891,1498.227274
0,Yes,978.2369035,15073.78785
0,Yes,320.7255697,12589.76756
0,No,761.5537246,46836.67227
0,No,1474.638036,39872.22777
0,No,11.13807006,52195.92052
0,No,1584.565943,45447.18703
1,No,2074.807589,38988.85925
0,Yes,1702.981702,25203.45676
0,No,1351.852966,40177.95896
0,Yes,1057.599366,21570.75279
0,No,979.1059379,46319.91199
0,No,527.1727849,28931.12828
1,No,1789.093391,48331.12686
0,No,821.8532926,35358.39274
0,No,336.5035487,40626.99417
1,No,1920.242332,57242.98341
0,No,528.882016,44538.55146
0,Yes,271.6699001,14080.75407
0,No,1645.42318,36839.39621
0,No,1440.025713,41814.80384
0,No,270.5878637,33490.00527
0,No,1070.810048,35979.47014
0,No,1492.189654,39004.50294
0,Yes,863.321267,20425.85133
0,No,42.14999323,31812.89153
0,No,350.1960855,46893.73199
1,Yes,1475.057438,20210.27262
0,Yes,1249.766474,16251.2847
0,Yes,167.6379148,16771.56703
0,Yes,1007.537827,16814.2955
0,No,1338.532457,35072.30326
0,No,603.2531381,50214.8553
0,No,460.2344394,47305.21604
0,No,1354.332946,29590.82888
0,Yes,748.0592283,17362.80746
0,No,497.7257852,26591.11317
1,Yes,1758.406571,14272.27378
0,Yes,1068.454641,13638.70269
0,Yes,860.9177306,11575.70219
0,No,146.8971527,41872.17252
0,No,549.1689893,64952.61264
0,No,1058.5637,38917.83093
0,No,1191.610584,49004.83618
1,No,1292.430211,50990.57717
0,No,739.4180178,40656.95145
1,Yes,2352.054949,24067.5481
0,No,693.7173326,40148.87111
1,No,1763.579088,46227.07454
0,No,439.496364,46784.94481
0,No,806.2166632,35259.30464
0,Yes,1590.823099,21784.11312
0,No,931.957796,40913.43497
0,Yes,420.2570639,24703.99805
1,Yes,1337.235187,32761.0534
0,No,883.3906599,38408.97671
0,Yes,884.3118999,17542.91967
1,No,1323.628142,18820.79497
0,No,828.840863,39984.27347
0,No,876.4748603,39499.27681
0,No,999.8260907,43661.14174
0,No,0,38249.98238
0,Yes,451.695309,11460.4347
0,Yes,1184.204443,23235.65679
0,No,1201.332489,23969.45182
1,No,2220.966201,40725.09621
0,No,898.5668285,37919.75068
0,No,1395.602656,54148.84857
0,No,644.8630705,38794.67614
0,No,781.9044045,65617.64493
0,No,1072.379365,19958.54399
0,Yes,1006.969158,10364.81853
1,No,1642.819997,46856.94704
0,No,549.0649295,58539.41427
0,No,4.67941444,44571.70622
0,Yes,160.8871375,19686.7442
1,No,1125.656562,34758.12378
0,No,1379.287022,57843.88678
0,Yes,1323.395658,23072.54992
1,Yes,1957.120295,18805.95213
0,Yes,915.4398274,16624.33911
0,No,755.4604432,33460.92621
0,No,1378.266436,40228.93417
0,No,649.2697755,31039.002
1,Yes,2269.946966,18021.10595
1,No,1854.604154,38406.35646
1,No,1436.311549,18810.80414
0,No,398.0231243,33056.67119
0,No,444.6047964,51584.33636
0,No,1264.132385,35385.1168
0,Yes,1219.97548,15039.55362
0,Yes,713.2463934,20549.8519
0,Yes,860.8286768,27186.50002
0,No,1032.403484,38691.79393
0,No,304.0779533,47196.07647
0,Yes,154.8755316,20685.45742
1,No,1926.599082,59224.45276
0,Yes,655.4491646,18265.59543
0,Yes,711.8512316,15132.39359
1,No,1743.06471,22308.12575
0,Yes,1941.054062,14756.21148
0,No,1328.334103,39877.61246
0,No,0,28705.2025
1,No,1488.558775,22256.86369
0,Yes,1305.104453,20573.55387
1,No,1562.837918,49303.00947
0,No,852.5307769,46662.76795
0,No,1412.996704,53295.87299
0,No,815.6912947,48646.54151
0,Yes,734.4591993,17619.48718
0,No,978.23929,43410.36332
1,No,1758.420947,49787.45657
0,Yes,1367.855955,12489.81425
1,No,2080.937247,34494.17121
1,No,780.1725692,51656.87406
0,No,1292.672763,52541.64925
0,No,430.4690603,47462.07099
0,Yes,1260.494009,8549.253176
0,No,853.7040154,46291.58114
0,Yes,877.1562292,22046.53855
1,No,1665.954621,30070.13526
0,Yes,1365.79119,22301.70606
0,No,0,58211.53607
0,Yes,802.3692671,18999.52529
0,No,1088.574773,43883.14925
1,No,1954.333299,35067.53492
0,No,1490.983046,39596.05741
0,Yes,1669.278106,13771.3934
0,No,1436.670724,46755.28083
0,Yes,1302.516318,18210.80642
0,Yes,810.3080124,16248.45555
1,No,1328.892725,34710.06237
0,Yes,962.4665364,14606.09006
0,No,831.4561419,58476.73923
0,Yes,306.4338126,13934.51832
0,Yes,1089.405259,19053.58906
0,No,154.2124634,29153.45158
1,Yes,1770.969441,15975.5372
0,Yes,879.7105153,17863.84223
0,Yes,1367.786515,12449.27904
0,No,819.3263746,22406.05494
0,No,1518.352515,53971.73059
0,Yes,1203.946904,20904.83818
0,No,771.1374169,42418.36801
0,No,4.10094017,42174.17974
0,No,0,46461.32012
0,No,513.3962714,19021.64228
0,No,1585.525089,49011.41567
0,No,331.8428277,37264.69482
0,No,167.5841567,49087.25569
1,No,1973.822147,27340.01227
0,No,1021.2796,44718.40772
0,No,579.2802194,50813.50925
0,No,762.9231977,50293.87225
0,No,724.8873243,27800.95238
0,No,143.7547093,48250.30757
0,Yes,1283.028556,15638.00659
0,No,1255.349977,23297.47496
1,Yes,2110.556858,19345.10473
0,No,417.646983,54009.45088
0,No,522.1534576,40717.16252
0,No,1103.723807,39532.90751
0,No,1104.306623,40006.13331
0,No,1322.251761,43802.62724
0,No,928.4096682,41482.44353
0,No,1167.889158,35969.02356
0,No,1504.569386,36697.40199
0,No,1014.722629,38780.78972
0,Yes,1106.323694,21202.03008
0,Yes,91.7339465,19153.72843
0,Yes,950.4772929,17932.12509
1,No,2006.986173,50033.53315
0,No,625.0173287,58911.60865
0,Yes,790.5543286,20568.82724
0,Yes,906.1238153,19275.80014
0,No,910.0878413,25183.76825
0,Yes,737.0822476,24637.61749
0,No,965.1504836,34783.00688
0,Yes,1065.521076,21129.23446
0,No,964.0904134,48405.84311
1,No,1567.610704,38785.35768
0,Yes,1447.970793,16421.4555
1,Yes,1486.998122,17854.39703
0,No,769.6667019,39401.47506
0,Yes,375.9188495,20740.07619
0,No,946.8920555,9364.849781
0,No,943.4672893,26388.61716
0,No,749.1147396,46478.10516
0,No,1124.587156,45622.94234
0,Yes,1443.860426,19146.29142
1,No,2147.312578,58271.39083
0,No,1140.140114,41775.51811
0,Yes,764.8071634,18347.31137
0,No,1207.287852,33671.4595
0,No,184.8872983,49716.02041
1,No,1563.535198,51704.91997
0,No,1233.618926,49448.171
0,No,1077.00754,33071.46853
0,Yes,559.9031826,9357.759248
0,Yes,472.0245371,13685.47013
0,No,629.6055874,50113.82071
0,Yes,808.8337865,18791.55956
0,No,1509.871131,41246.58701
1,Yes,1899.390626,20655.2
0,No,424.4959338,23983.77316
0,No,223.3563457,51662.5973
0,No,0,37538.04505
0,No,1569.009053,36669.11236
0,No,2391.007739,50302.90956
0,Yes,1002.775284,11604.28775
0,No,1133.945796,47188.94778
0,No,874.6174204,37143.64487
0,No,1092.425957,43578.64698
1,No,1991.64912,42133.37318
0,No,1281.921573,56778.41539
0,No,218.739422,53259.76232
0,Yes,1775.581701,13735.19087
0,No,809.4556899,39077.43281
1,Yes,1704.578529,16887.40514
0,No,618.4607312,49385.78803
0,No,295.3071502,45776.84328
0,No,690.6403424,26989.39435
0,No,938.0901344,46370.82126
0,No,870.0205679,40535.31012
0,No,572.8895007,43381.91527
0,No,927.7661181,38197.37354
0,No,1452.684428,43418.82909
0,No,1117.629704,61940.01578
0,No,775.7339827,37022.00324
0,No,1588.876356,45093.44592
0,No,586.7756504,32622.37614
0,Yes,1935.50422,9431.293871
0,Yes,591.9864699,8815.176376
0,No,363.2293301,51821.42683
0,Yes,952.8871314,15082.67711
0,No,0,36922.86795
0,No,711.5550205,52992.37891
1,No,2062.870628,30839.18067
0,No,861.3638604,47969.67726
0,No,879.6241282,33682.18616
0,No,1693.642578,26995.69339
0,No,67.38846229,48792.11744
0,No,693.3584799,46466.29939
0,Yes,1384.415373,13707.0416
0,No,1504.682568,38223.24598
0,Yes,830.6517981,14420.62263
1,No,1360.385782,28992.00182
1,No,1598.020831,39163.36106
0,No,1032.513001,42495.46261
0,No,1965.329358,31804.63422
0,Yes,541.3347065,21245.32063
1,Yes,1805.618353,19168.02997
0,No,667.4920413,24613.67552
0,No,748.4870239,40727.14156
0,Yes,713.5598393,24324.14394
1,Yes,2113.629761,21100.72179
1,No,1605.214586,26149.14822
0,No,48.26564032,32081.0923
0,No,839.04092,36665.70146
0,No,558.321407,42767.32476
0,Yes,583.7742232,12240.66052
0,No,548.8392758,44909.0662
1,Yes,1321.535379,23735.15989
0,Yes,1107.002413,30618.62035
1,Yes,1737.537815,20974.03459
0,No,102.4698629,44600.43197
0,Yes,203.966127,16433.67429
0,No,534.0555448,30948.80675
0,No,829.6896647,35594.22391
0,Yes,2.994461997,18710.2648
1,Yes,2134.934488,20330.86487
0,No,757.9629184,19660.72177
0,Yes,580.3514814,17624.15891
1,Yes,2038.54316,12181.90258
0,Yes,0,17557.96334
0,Yes,967.3490473,14725.14091
1,No,1622.499039,39228.54143
0,No,155.9899169,50135.85017
1,No,1586.502199,48925.93338
0,No,497.5406723,43898.4285
0,Yes,618.6241213,20836.79305
0,No,150.3023857,39730.16503
0,Yes,1017.360966,21702.1831
0,No,1330.481097,50459.0469
0,Yes,1273.752339,19635.6615
0,No,768.8103024,47003.44058
0,No,619.3688154,45886.0785
1,Yes,1874.822612,14957.81633
0,Yes,1436.829989,22925.46992
0,Yes,951.5885363,12163.18485
0,No,163.2610271,40600.41547
0,No,462.0042896,33157.3622
0,No,1347.78085,29345.95821
1,Yes,1424.559323,25398.19744
0,Yes,596.0562474,16084.90771
0,No,977.5153311,33690.64931
0,No,990.1447723,48040.60189
1,No,1741.914915,35067.42512
0,No,143.3753202,17435.09638
0,Yes,1368.383018,16449.72494
0,No,828.8895452,52560.90735
0,No,45.82242658,32525.63844
1,No,1861.060871,55671.72366
0,No,751.8438613,52663.29299
0,Yes,870.7730355,16446.35483
0,No,986.7600897,44605.44511
1,Yes,2145.607674,23516.19134
0,Yes,673.3272479,14431.45949
0,No,1049.946768,43172.32719
0,No,654.6613601,32400.48148
1,Yes,2008.032985,18601.40309
0,No,419.7020001,44989.76285
0,No,968.5158515,41714.98984
0,Yes,916.1289706,28839.58373
0,No,574.4698776,46696.18634
0,No,696.4657513,37599.62013
0,Yes,1033.041846,18958.31508
0,Yes,564.8027621,21314.77944
0,No,1391.033877,53255.02112
0,No,1436.647669,38571.32806
0,Yes,1219.76035,17208.20886
1,No,1772.855484,42080.10684
1,No,1099.057701,42590.89445
0,No,725.7832919,35503.64421
0,No,440.4870289,39395.96014
1,No,1655.775597,25639.79354
0,No,1555.96807,34417.87308
0,Yes,1503.972721,14661.8319
0,No,814.6550424,42520.09365
0,No,343.6431783,43483.73796
0,No,522.6443371,35893.2878
0,No,547.1749749,36969.00323
0,No,915.518056,42331.02163
0,Yes,601.8912206,16948.61323
0,No,120.843053,36205.87776
0,Yes,1579.216996,15111.91448
0,Yes,1132.084057,15675.53444
0,No,1099.62491,48202.21488
0,No,291.0761413,23479.61343
0,No,381.5665199,49114.89265
0,No,399.9018204,40863.11505
0,No,1408.351474,33697.34596
0,Yes,1363.992957,18140.36103
0,No,0,26493.24268
0,Yes,284.050552,15352.35978
0,No,562.3141784,63794.54207
0,No,1202.463489,42818.64311
1,No,1315.558765,35456.69605
0,No,807.2945307,49367.77593
0,No,70.18547766,36216.96353
0,No,636.6060455,31870.55147
0,No,882.0879636,43549.9904
0,Yes,789.0991535,18653.63285
0,No,407.3215382,38285.41491
0,No,619.5151739,53747.54914
1,No,2024.820212,64135.43108
0,No,319.1315969,34296.77412
1,No,1424.93289,27668.95224
0,No,1214.549654,21630.03783
1,Yes,2125.792202,19539.14861
0,No,543.9718971,34390.50259
1,No,1815.174112,23648.41351
1,No,1644.696623,61474.93445
0,No,399.1183753,48889.98903
0,No,1128.833475,45043.93562
0,Yes,885.9235776,22365.85498
1,Yes,1553.349657,18091.94374
0,No,1500.572106,39891.8641
0,No,759.2302682,48560.13624
0,No,717.9696372,43826.87888
1,No,1572.34559,37895.17307
1,No,1515.606239,48688.51209
0,No,347.6015108,49332.9942
1,No,1632.894118,44326.58484
0,No,13.94447463,31071.63429
0,No,949.9967068,32676.23075
0,No,17.03168001,24492.21348
0,No,575.1376565,25669.69717
0,No,0,44754.24888
1,No,1800.641733,48708.95993
0,No,390.9808235,47083.4315
0,No,560.2970822,28419.35438
0,No,290.483067,47724.23976
0,No,1235.187684,50865.52407
0,No,1084.909923,15981.68909
0,No,616.5546498,46107.20793
0,Yes,1177.327655,13737.05034
0,No,1690.38735,46228.32006
0,No,1267.1658,51197.7996
0,No,1209.756641,40605.81341
0,No,527.9403591,47963.17904
0,No,1012.286208,60697.63362
0,Yes,939.7048867,11331.43252
0,Yes,1463.828111,15657.43448
0,No,722.1334868,22669.2398
0,No,1577.034837,33319.31247
0,No,619.0292594,42868.58961
1,No,1672.031483,50327.36776
0,No,1064.975106,45737.78123
0,No,941.7416323,34559.64654
0,No,0,41740.6866
0,Yes,692.3563178,18689.05214
0,No,1033.756658,21837.24283
0,Yes,816.4436082,19141.73021
0,No,600.9390903,43846.20889
0,No,304.5443388,47217.87221
0,No,0,44712.23168
1,Yes,1289.24621,13624.54526
1,No,1891.109614,34448.69385
0,No,1114.116007,40359.96721
1,No,1508.649243,37111.3089
1,No,1858.904515,35525.21393
0,Yes,1041.310442,12078.77761
0,No,209.6744506,35688.13581
0,No,1267.55074,10233.87975
0,No,1132.647803,33677.78145
0,No,1059.244387,59865.02823
0,No,1267.485211,40034.56673
0,No,705.3382099,23952.54451
0,Yes,1806.551672,17648.1976
0,No,390.0217243,39029.85707
0,Yes,799.5164509,23024.85275
0,Yes,1285.956397,24106.58027
0,No,1163.32404,38323.0844
0,No,1017.655914,37241.79099
0,Yes,118.2014929,15472.65599
0,No,613.9770765,34752.08764
1,No,1511.610952,53506.94493
0,No,110.5559311,32419.15079
0,No,876.119027,37668.36679
0,No,804.4996588,51014.82404
0,No,1175.594953,19030.13944
0,No,615.8218494,34590.68358
0,Yes,0,20195.00266
0,No,392.5664548,45469.72228
0,No,381.2585585,55896.23385
0,No,239.327165,49328.20926
0,No,173.2491717,30697.24506
0,No,456.1387522,43943.49589
0,No,280.4616786,26212.90762
0,Yes,967.1689244,27077.62677
0,Yes,1490.075451,15910.80185
0,No,781.2917026,36744.56826
0,Yes,1009.109251,8868.656745
0,Yes,1204.24147,19302.90148
0,No,1391.318301,48414.90574
0,No,791.6633418,48127.62614
0,Yes,1343.243517,7032.060009
0,Yes,1216.58625,18140.62399
1,No,2155.288986,34787.25268
0,No,449.312928,47494.43249
1,No,1504.755378,26183.24535
0,No,584.0902554,24580.85684
0,No,1118.565977,46578.46551
0,Yes,513.7976777,15540.45438
0,No,415.7682594,38425.7595
0,Yes,994.0907388,17401.84724
0,No,0,37517.24641
0,Yes,313.2133614,28399.35086
0,No,568.2242546,39873.24285
0,No,751.340141,68883.39527
1,Yes,1402.267516,12104.31561
0,No,1509.915664,24427.76851
1,No,2008.458596,35145.04762
0,No,666.5299507,51876.48965
0,No,732.1370669,42693.94026
0,Yes,448.2432107,23540.89103
0,No,1326.41237,35158.19033
1,Yes,1806.921846,11506.21775
1,Yes,2261.848162,20030.16512
0,No,567.7041783,50643.31622
0,No,246.6365453,18953.67194
0,Yes,771.1332614,20655.07107
0,No,0.023816297,37981.78063
0,No,1218.864986,45593.86021
0,Yes,1669.723709,20301.31598
0,No,492.3523118,39305.22705
0,No,1260.154869,35733.46585
1,Yes,1836.161765,18944.80788
0,Yes,1578.289555,12778.5985
1,No,1838.871369,32129.33982
0,No,259.5062852,40405.3592
0,No,578.4836466,45066.20733
0,No,1806.916531,36306.81763
1,Yes,1538.015603,21356.93711
0,No,499.6463238,69342.67248
0,Yes,822.6253243,10923.38168
0,No,652.2027614,36348.29624
0,No,406.9985219,41505.40605
0,No,376.1854981,31373.35639
0,Yes,552.3342396,21262.56636
0,No,141.1284837,41300.72207
1,No,1506.191848,47061.39454
0,No,282.0424337,50501.07724
0,Yes,846.1719595,19577.4272
1,No,1717.071593,38408.89092
1,No,1531.716459,43930.4001
0,No,1057.679669,39708.03334
0,No,892.9195198,9299.868186
1,No,1994.395066,44794.3375
1,Yes,1988.869747,17762.86591
0,No,355.0300657,52926.77776
1,Yes,1789.477475,17667.78222
0,Yes,1209.384198,12830.83284
0,No,1665.036973,48295.52515
0,No,1142.6697,40823.37971
0,No,896.7219248,48703.41297
0,Yes,0,20877.8878
0,No,602.6228949,25376.4501
0,No,1360.398571,29868.31119
0,Yes,948.1513026,18107.35715
1,No,1731.680766,56228.92168
0,No,710.136461,46308.26965
0,No,0,27455.909
0,No,1225.922648,43718.69493
0,No,745.8666182,54677.68335
0,No,875.2416404,52861.7442
0,No,1082.815418,41355.98559
0,Yes,356.1987479,21466.20708
0,No,1315.225239,52556.15383
0,No,466.1097686,26598.12135
0,Yes,1203.103256,19967.8631
1,No,2236.764215,37113.88307
0,No,1111.690766,31059.46264
0,Yes,729.8121989,9871.924219
0,Yes,817.6766467,22339.88541
0,No,1322.080983,48906.51832
1,No,1119.097245,37224.56781
0,No,833.9577066,34174.64532
1,Yes,1276.685083,19282.43592
0,No,624.5478327,48345.33663
1,Yes,1492.963421,11054.06844
1,No,1797.767019,47068.72461
0,No,1062.28401,50894.10365
0,Yes,810.6685873,19925.74377
0,No,1280.23019,23647.3332
0,No,660.2005712,33598.08914
0,No,1017.788252,29828.33034
0,No,152.440267,23366.51744
0,No,489.1655607,26875.72374
0,No,631.5128658,35053.3472
1,No,1844.883839,35508.67542
0,No,347.3710782,18488.14732
0,Yes,2133.745481,19675.50759
0,No,1070.864032,36017.00296
1,No,1066.884084,44918.41232
0,Yes,1273.835776,15593.64168
0,No,155.9930613,37599.76797
1,No,1823.751426,53526.35641
1,No,1804.190505,23096.08436
0,No,1074.12404,47517.86692
0,Yes,656.8083859,19017.4278
0,Yes,200.9221826,16862.95232
0,Yes,855.2269959,15348.70666
1,Yes,1812.079998,17962.27016
0,Yes,865.9063158,18064.24399
0,No,1024.408305,45202.26554
0,No,751.3666276,31574.42116
0,Yes,843.6424315,17992.31717
0,No,282.8892177,42132.07381
0,No,294.0187903,59128.5034
0,Yes,918.8288881,16110.99046
0,Yes,1343.701549,27168.40822
1,No,2049.029845,52568.90881
1,No,2040.590171,50930.91079
0,No,808.4947937,56204.66301
1,Yes,2332.878254,11770.23412
1,No,1258.764794,26331.3724
1,No,959.1592134,59435.23458
0,No,1194.645236,35622.32821
0,No,1650.032103,49481.71303
0,No,771.1737061,45956.78731
0,No,1484.777695,32479.08996
0,No,982.6310241,60388.0199
0,Yes,1084.446531,26713.7972
0,No,949.1775916,36557.96159
0,Yes,1775.181537,20385.87352
0,No,1018.40964,25394.25463
0,Yes,982.8003557,20312.21096
0,No,581.9607584,31654.55892
0,No,23.29833181,37975.53898
0,No,1634.996685,36995.75116
1,Yes,1894.168201,28321.68455
0,Yes,230.1591687,24776.69315
0,No,879.035415,52945.81891
1,Yes,1233.445895,12586.47819
0,No,1428.725258,51633.43285
0,No,1583.096101,15350.45605
0,No,415.5417379,44147.22065
0,No,650.2901385,44358.65162
0,No,72.9283697,13300.76955
0,No,932.6024332,44714.4841
0,No,1.980734441,42380.87485
0,Yes,1294.500408,25687.32605
1,Yes,1983.234475,25687.92975
0,No,781.6677859,49427.51772
0,No,0,29097.54484
0,No,775.4935595,46025.8708
0,No,1018.382871,30846.82094
0,No,521.8002069,22209.05521
0,No,4.151111645,22722.22204
0,No,438.0803769,44737.65845
0,No,1329.911388,50560.76225
0,No,1651.322553,34024.66368
1,No,2075.188754,40882.49422
1,No,1847.791373,30202.84624
0,Yes,488.9570121,15912.30458
0,No,667.3723112,35694.42878
0,Yes,799.1592677,19547.41318
0,No,687.1568293,26902.70259
1,Yes,1954.321689,17137.47372
1,No,1975.653028,38221.83974
0,Yes,132.1045587,20065.72248
0,No,1154.858678,57640.91696
0,No,89.3129241,39915.45359
0,No,937.0370554,42169.0434
0,No,986.1815438,34780.95439
0,No,530.0938205,21736.80982
0,No,92.97568856,49608.58644
0,Yes,923.0188229,19136.61492
1,Yes,2247.421889,17926.72301
0,No,663.6751712,38338.20573
0,No,1036.774746,46239.07322
1,No,1588.526206,38014.56885
0,Yes,512.4497777,24192.88899
1,No,1893.289792,31821.72558
1,No,1143.680503,37751.01734
0,No,1235.485768,29992.18595
1,Yes,1748.680849,13715.42438
0,Yes,293.5195709,10592.84669
0,Yes,1020.589033,13094.94573
1,No,1135.047349,48982.22585
0,Yes,968.953961,13867.52431
0,No,639.8670344,34879.55851
0,Yes,0,13911.44128
0,Yes,989.8845974,23416.50047
0,Yes,1557.525571,17132.31236
0,No,10.23148531,27237.38077
0,No,1408.176119,47496.16431
0,Yes,1075.179073,21569.37058
0,No,23.35710655,56686.91562
1,Yes,1551.023469,19027.50863
0,No,655.1998724,38192.53039
0,No,310.1302239,37697.22019
0,Yes,662.995363,12008.33574
0,Yes,1595.9068,23308.13628
0,No,547.7177274,50619.36106
0,No,534.4322264,34129.47541
0,No,906.2310971,46715.23468
0,No,692.0528224,39586.84902
0,Yes,887.6564222,16993.2876
1,Yes,1871.938387,18077.48709
0,Yes,711.0398753,22000.10656
0,No,451.0760516,38348.49032
0,No,106.1910377,41514.75847
0,No,962.1443608,60455.46313
0,Yes,583.2484746,17353.83858
0,Yes,1316.210983,16327.62598
0,No,1157.116929,38867.06363
0,No,1649.211607,42148.74388
0,No,1248.399685,41555.81099
0,No,224.2091091,51199.64167
1,No,1648.474017,55548.25418
1,Yes,2117.120614,12143.4748
0,No,345.3938681,27012.75388
1,No,1815.79252,31632.58386
0,No,325.0912751,41257.56074
0,Yes,842.9107463,14462.27646
0,No,675.1149519,58672.05165
0,No,1407.869208,43033.93593
0,No,521.9028271,47032.59935
0,Yes,1004.630153,9643.366151
0,No,1079.823299,44390.71605
0,No,301.3194028,51539.95232
1,Yes,2047.417007,13678.50803
0,No,728.2125497,50403.55925
1,Yes,1875.458895,17820.46333
1,No,2288.408082,52043.56905
0,No,392.4771819,20674.67281
0,Yes,1609.136059,16373.94536
0,No,1039.207255,40028.9042
1,No,2133.464209,28237.88234
1,Yes,1567.679282,19172.67945
0,Yes,1471.03354,12665.24189
0,No,509.3177986,18221.14656
1,No,1170.198974,46692.10478
1,No,1335.612871,37595.34427
0,No,1549.263306,43240.45903
1,No,1621.575785,36577.8462
0,Yes,1614.141638,11334.29247
0,No,1083.281187,45260.41668
0,Yes,1286.355523,20029.89123
0,No,664.7189435,36998.56601
0,No,317.8555578,63021.74795
1,Yes,1647.282248,16154.46228
0,No,768.3785848,43325.97039
0,No,828.6628118,28427.67029
0,No,600.8200858,49727.48991
0,No,391.558358,45822.52436
0,No,1444.432105,19153.34273
0,No,444.5863003,51386.2831
0,No,857.1507423,34691.32218
1,No,2148.898454,44309.91717
0,No,1068.577035,26315.04709
1,Yes,1893.664334,21526.35063
0,Yes,1420.59614,20197.81153
0,No,497.8819052,55543.62469
0,Yes,1240.724012,19702.7995
0,Yes,1383.569824,17245.02869
0,No,1653.551876,23137.56122
0,Yes,50.95148626,16251.61106
0,Yes,1170.911536,19473.69193
0,No,700.2448482,25919.03935
0,No,566.3670972,39033.32499
1,No,1575.487818,35735.45501
1,No,1823.636559,44260.15637
0,No,1367.442766,45919.59224
0,No,880.7170052,35579.24262
0,No,819.1126054,50082.88871
0,Yes,639.4683036,12323.34984
0,No,1245.086295,40290.50389
0,No,1186.485885,50371.72546
0,No,400.8888732,53900.66446
1,No,1585.729401,52274.86012
0,No,1199.980266,38251.18252
0,No,1272.477386,42671.31859
0,No,1765.990895,47642.42212
0,No,400.6469289,37173.48479
0,No,1838.194861,32308.02404
0,No,1189.241184,29889.60228
0,Yes,1196.536996,25651.53638
0,No,714.5124913,48115.5047
0,Yes,2014.497648,15728.93807
0,No,1135.493293,37962.9829
0,No,830.2341,36523.48118
0,No,323.8001014,34576.49203
1,No,1708.65972,38203.50947
1,Yes,2046.639515,17910.63447
0,No,1003.601427,24978.08472
0,No,600.134861,39395.9784
1,No,1757.738499,51991.46349
1,No,1488.779562,49803.29308
0,No,221.3348565,31764.20291
0,Yes,1630.488555,16310.53406
0,No,981.0626387,54020.43415
0,No,696.8956932,63952.31349
0,Yes,770.0157407,13684.78995
0,No,959.0214602,46133.13427
0,Yes,1224.520653,22327.4078
0,Yes,598.7333129,23118.5311
0,No,848.6053871,22749.64768
0,No,1453.292872,43370.75789
0,Yes,1065.256355,16658.94724
0,Yes,1080.759733,16900.3906
0,Yes,1113.752598,17810.67306
0,Yes,1725.339244,18268.19537
0,No,625.8701778,53756.04406
0,No,1233.711874,72461.30139
1,Yes,2169.196187,18195.2669
0,Yes,0,13621.81119
0,No,377.3636418,37442.84265
0,No,594.3644282,24273.56248
0,No,262.9951148,17822.61335
1,Yes,1819.940936,19393.48297
1,Yes,1944.677459,13026.04673
0,No,474.6283748,28182.97557
1,No,1666.113834,25054.76782
0,No,0,61608.53205
0,No,566.8727192,67018.41961
0,No,1045.426886,50639.06009
0,No,528.5692049,42249.357
1,No,1922.829046,56202.5762
0,Yes,977.589372,17637.7342
0,Yes,1038.620081,12312.89596
0,No,273.639788,21911.63387
0,No,846.4193819,36115.76209
1,Yes,1867.308569,24720.48056
0,Yes,886.2211404,12796.05899
0,No,987.2500449,50045.76318
0,No,1092.906583,45479.46699
0,No,905.5317518,43066.06006
0,No,1063.336261,39301.28181
0,Yes,1255.848888,22022.57658
0,Yes,993.0495382,20538.54574
0,No,1136.455031,47721.27371
0,Yes,822.0901693,20906.21784
0,No,842.4075391,38161.73866
0,Yes,1395.668987,21374.59212
0,No,218.3797414,36044.81506
1,No,1396.789181,40371.12474
0,No,1118.219923,32632.91307
0,No,335.8245426,29402.76756
0,No,0,30098.42154
0,No,1389.803075,48868.09315
0,Yes,1097.067481,20564.1258
1,Yes,1895.334933,16394.50811
1,No,2075.327892,43817.49942
0,No,1005.525429,34587.24363
0,No,959.1720257,38310.08601
0,No,1302.655581,28978.55731
0,Yes,1204.917904,11339.15677
0,No,132.7309018,33370.83434
0,No,366.5943613,33708.78607
1,No,2187.224846,42205.12305
0,Yes,492.2459418,23689.7895
0,Yes,0,17791.43323
0,No,856.7704514,42662.80198
0,No,986.2647529,38664.78982
1,Yes,1803.944567,29100.81923
1,No,1972.16682,34362.63501
0,No,919.3001361,33866.36338
0,No,1011.367192,28172.91537
1,Yes,1936.061862,13377.82884
0,No,873.8796086,46203.90955
0,No,1074.514538,41545.68354
0,No,1128.411463,51778.17985
0,No,870.4123797,17685.44824
1,Yes,1807.666218,18166.32265
0,Yes,1152.124419,18644.40004
1,No,1342.262874,35691.63736
0,Yes,640.8190409,19055.91653
0,Yes,329.7643313,17762.77388
0,No,902.4163952,37905.63148
0,Yes,378.6721749,14328.31189
0,Yes,1050.151333,16963.81269
1,Yes,2034.674718,17133.96596
0,Yes,719.5540535,17195.74454
0,Yes,616.3120185,14663.56388
1,No,2413.319449,38540.57271
0,No,737.3487795,50264.76017
0,No,699.5684983,48773.81955
0,No,1926.246876,46535.20199
0,No,1060.97292,37410.37638
0,No,182.37046,45507.9337
1,No,698.5673519,31754.52342
0,No,845.4119892,58636.15698
0,No,1124.141744,46052.18163
0,No,356.613168,44473.39649
0,No,938.8362414,56633.44874
0,No,1067.779229,28077.25468
0,No,1058.284332,39314.51347
0,Yes,770.8266665,18896.729
1,No,1658.967689,38204.12262
0,Yes,1152.973272,13036.06671
0,Yes,11.39556822,19387.92064
0,Yes,1280.848066,20575.24501
0,No,1002.351218,43048.16992
1,Yes,1359.213947,25548.48741
0,No,846.1312948,29812.0877
1,Yes,1889.33211,22652.10963
0,No,1057.633174,37229.80731
0,No,1080.321281,48226.7297
0,No,1351.957437,24136.07195
1,No,1350.603261,21541.29879
0,No,951.620226,41689.56837
0,Yes,903.438812,13028.15086
0,Yes,1038.540997,21839.72003
0,No,968.7366195,17352.41033
0,Yes,1205.310031,19889.57075
0,No,0,47393.32869
0,Yes,973.0478582,23033.85036
0,No,842.9494293,39957.12786
0,No,1265.127739,49385.52186
0,Yes,1036.117398,15067.74824
0,Yes,698.9785363,25103.00945
0,No,0,37343.41681
0,No,364.6630512,10239.97249
0,Yes,79.9899964,14390.81312
0,No,713.3260637,44605.35119
0,No,157.0034532,50131.87888
1,No,1790.674983,44607.42902
0,No,838.8491505,34358.86667
0,Yes,811.9650452,12853.17561
1,Yes,2109.999395,17774.52529
0,No,599.7188463,48085.88434
0,No,0,33220.98518
1,Yes,1956.923906,15574.38998
0,Yes,1569.302757,13711.4924
1,Yes,1925.982795,17763.3503
1,Yes,1627.898323,17546.99702
0,Yes,529.2734426,20358.83363
0,No,162.784652,33935.49133
0,No,1115.961253,30620.26847
0,No,915.5920094,37720.18727
0,No,0,47935.2832
0,Yes,1202.760711,20973.25965
0,Yes,822.8866687,22376.22605
1,Yes,2009.685744,25694.49616
0,Yes,1464.355897,21826.44148
0,No,373.1788864,30826.07502
0,No,623.5261189,59441.30998
0,Yes,419.7107822,18073.00181
0,Yes,1478.60088,13375.01572
0,No,853.0604228,39553.36568
0,No,217.7382263,47657.30628
0,No,717.4344202,45267.81985
0,No,184.5304739,35058.34065
1,No,2095.114817,44647.58648
0,Yes,705.9302321,19891.30378
1,Yes,2321.882221,21331.31478
0,No,217.5124122,39616.26025
0,No,452.8271077,62912.44434
0,Yes,1583.418031,23434.70871
1,No,1322.723979,23229.90913
0,No,1275.206852,58961.73304
0,Yes,1379.770017,15509.4094
0,Yes,1182.679045,17287.74847
0,No,1262.168412,29545.50021
0,No,333.1800575,29400.47785
0,No,755.4328007,14455.86536
0,No,1123.434723,45366.81141
0,Yes,215.6338978,23221.61937
0,No,913.4535992,52793.18025
0,Yes,364.1734146,21487.6441
0,No,1493.61038,38744.22826
0,Yes,598.2181944,19794.57641
0,No,939.698674,52383.27522
0,No,733.2005691,38592.04202
0,No,874.4512007,24707.49025
0,Yes,1486.3773,19164.3504
0,No,130.3468225,53852.75509
0,No,751.1222244,37304.19899
0,No,813.8609406,33357.80882
0,No,932.872998,61192.89713
0,Yes,926.569431,19243.40645
0,No,1209.652028,58174.92106
1,Yes,1740.768306,18161.24408
0,No,1664.095652,54087.6411
1,Yes,2024.66017,9663.788159
0,No,43.14350042,34316.89015
0,No,226.2992254,34305.25608
0,Yes,745.2211412,24689.51848
0,No,892.4450599,28187.54073
1,No,2499.01675,51504.29396
0,No,962.1342815,44696.29053
1,No,1392.599753,37620.24131
0,No,1351.325423,46663.39221
0,Yes,871.7507742,14247.94685
0,No,955.4206455,45575.42099
1,Yes,2654.322576,21930.38888
0,No,0,45642.76194
0,No,254.7280579,53696.8322
0,No,1221.083123,29370.58491
0,No,1112.468524,43201.52049
0,No,1578.463711,51413.84027
0,No,629.3201832,52089.63305
0,No,518.3699058,27527.2348
0,No,0,41160.62251
1,Yes,2578.469022,25706.64777
0,No,1433.6461,44617.7387
0,No,362.0550497,50906.48126
0,No,770.4863341,25445.87768
0,No,895.3238349,43554.0744
0,Yes,1626.901421,11702.2835
0,No,465.9198784,41133.94856
0,Yes,833.6144952,11078.39028
0,No,421.6981304,32290.32596
0,Yes,1291.075852,17136.51334
0,No,679.2668048,36694.75026
1,No,1907.377311,42346.82846
1,No,2124.671313,44520.0001
0,Yes,1596.701055,21581.27226
0,No,426.2863964,38585.54909
0,Yes,1446.64376,8797.283915
0,Yes,1391.441597,11685.64543
0,No,58.75120527,26939.03991
1,No,1361.735791,50322.35532
0,Yes,1049.420036,15815.34397
0,No,1278.017553,41691.19552
1,No,1456.546056,51508.57434
0,Yes,1829.909941,21018.96012
0,No,994.0118889,52188.77527
1,No,1578.847496,61220.13315
0,No,1439.118794,20187.78769
0,No,514.8594362,57241.70308
0,No,372.3792385,25374.89909
0,No,503.4992852,36521.43251
0,Yes,1434.589977,16613.43145
1,No,1434.127716,47311.53042
0,No,385.2501833,55268.66055
0,No,677.7088241,31158.46821
1,Yes,2287.173842,18692.14431
1,Yes,1502.186739,18603.49553
0,Yes,17.6095776,13739.7546
0,Yes,1403.163526,28207.93167
0,No,809.104674,24820.52559
0,No,419.0007993,37186.7894
1,No,1889.59919,48956.17159
0,Yes,1381.274512,23903.85455
1,No,1803.170259,36192.63022
0,No,658.0537091,41882.58065
0,Yes,905.1423693,13485.51424
0,No,1270.393178,43032.27159
0,Yes,596.2052136,22324.46841
1,No,1178.158858,44437.20214
0,No,1128.791563,29722.17266
1,Yes,1719.255655,15752.00801
0,Yes,501.0582476,23090.99719
0,No,1285.528038,39530.75968
0,No,1508.749012,30587.34398
0,No,832.3445356,51737.37105
0,Yes,789.3772662,21140.50887
0,No,612.1079216,31367.71308
0,No,0,39043.27743
0,No,914.8810755,39789.05544
0,Yes,1405.876654,27071.3225
0,No,1128.470745,49540.70209
1,Yes,1881.049952,16580.45056
1,No,1747.983669,18966.10957
1,No,2063.571934,37372.75849
0,Yes,508.0502997,14925.96115
0,Yes,950.488156,13299.48696
0,No,506.6254535,49861.00341
0,No,1125.158736,37864.32598
0,Yes,1080.568922,20439.85299
0,Yes,1520.851645,20044.0815
0,Yes,688.6979763,18794.48972
0,Yes,928.2334115,20932.69206
0,No,0,39462.68829
1,No,1809.409864,33453.40654
1,No,1530.353157,30003.81715
0,No,214.2364951,38720.81076
0,Yes,717.8754839,23406.81977
0,No,212.9317825,46843.91249
1,No,1898.323497,61011.21595
0,Yes,1066.54576,15553.08841
0,No,920.5743145,40527.98706
1,No,1554.816319,26430.4894
0,Yes,1841.408534,18000.70468
0,Yes,1420.022982,26424.53908
0,No,272.5261417,32687.10959
0,Yes,1212.756662,13722.90083
0,No,538.9427317,23289.28046
0,No,92.1021951,22726.41318
0,No,698.0788729,38960.26719
0,No,862.1501957,59240.84503
0,No,425.8199081,14540.90464
0,No,1168.570735,47561.0981
1,Yes,2205.799521,14271.49225
0,No,0,53946.23365
0,No,563.9920899,60222.36765
1,No,2023.733603,32094.62781
1,No,1243.554025,37634.3464
0,No,734.2534108,56253.81026
0,No,803.9755663,41429.24825
0,Yes,1538.449303,15991.22102
0,No,471.918843,60656.05079
0,Yes,1106.107201,9610.503423
0,No,1111.647317,45490.68246
0,No,1293.459682,48039.93645
0,Yes,562.8376983,25068.04645
0,No,329.4656843,46028.01545
0,No,1634.731555,40868.33212
0,Yes,1103.003565,25385.60194
0,No,0,40766.69534
0,No,1215.148939,51804.99395
0,Yes,1115.54336,22552.71309
0,No,1380.144032,48087.82505
0,No,358.9239515,50989.7442
0,No,444.0427027,47857.71461
1,No,961.4888501,27717.615
0,No,667.6561036,52946.365
0,No,705.1971768,35864.01172
0,No,1386.668478,56325.44936
1,No,1456.96393,49054.19389
0,Yes,220.6595334,20148.57976
1,Yes,1966.062966,17735.7788
0,No,1534.68321,48592.33383
1,No,2073.782846,52335.5506
0,Yes,973.26448,16984.61076
0,No,785.7866574,48179.38288
0,No,1396.207515,39023.48171
0,Yes,1038.886748,10414.55435
0,No,929.8301537,45178.05305
0,No,0,43969.2151
0,No,815.1740233,37946.9814
0,No,952.9278193,44894.44293
0,No,671.76548,40907.8081
0,Yes,1235.966487,21706.63031
0,Yes,979.0653268,17666.3871
0,No,420.4958319,58264.20582
0,No,779.477524,34089.79701
0,Yes,1079.077949,17966.76938
0,No,279.670673,58566.88422
0,No,615.0013946,40236.53356
0,Yes,1129.234293,22689.61359
0,No,0,54609.72856
0,No,0,58233.02096
1,Yes,1013.216886,19651.26179
1,Yes,2461.506979,11878.55704
1,Yes,1985.321739,22248.40266
0,Yes,1635.175122,13518.93062
0,No,38.67912124,30961.74224
0,No,1166.213186,36324.67886
1,No,1558.463471,41648.32617
0,Yes,1146.834987,14336.42855
1,Yes,1507.333948,23898.87823
0,No,712.9369924,20810.31895
1,No,1028.767207,40346.83327
0,No,472.954055,63759.78703
0,No,31.86206537,33702.65113
1,Yes,1543.099582,18304.65057
0,No,1248.887903,31960.4213
0,No,1156.994528,53450.27359
0,No,1486.05481,34705.36122
1,No,1969.942924,29415.75329
0,No,829.8842621,40749.78743
0,No,669.3614789,46007.00527
1,No,1751.347088,38381.5858
1,Yes,1893.942955,12399.12474
0,No,390.5302949,57525.26648
0,Yes,999.281112,20013.35064
0,No,1207.741224,33416.60657
1,No,1114.832181,39776.99896
1,Yes,2168.453196,24648.97992
0,No,880.7508517,34604.67939
0,No,524.8626184,54738.50665
